[
  {
    "id": 1,
    "titleImage": "/assets/img/icon-img/support-8.png",
    "title": "Free shipping on all order",
    "iconImage": "/assets/img/icon-img/support-5.png",
    "backgroundColor": "#ccfbe9"
  },
  {
    "id": 2,
    "titleImage": "/assets/img/icon-img/support-9.png",
    "title": "Back guarantee under 5 days",
    "iconImage": "/assets/img/icon-img/support-6.png",
    "backgroundColor": "#f2fbcc"
  },
  {
    "id": 3,
    "titleImage": "/assets/img/icon-img/support-10.png",
    "title": "On every order over $150",
    "iconImage": "/assets/img/icon-img/support-7.png",
    "backgroundColor": "#ddfbcc"
  }
]
