[
  {
    "id": 1,
    "image": "/assets/img/icon-img/support-1.png",
    "title": "Free Shipping",
    "subtitle": "Lorem ipsum dolor sit amet consectetu adipisicing elit sed"
  },
  {
    "id": 2,
    "image": "/assets/img/icon-img/support-2.png",
    "title": "Support 24/7",
    "subtitle": "Lorem ipsum dolor sit amet consectetu adipisicing elit sed"
  },
  {
    "id": 3,
    "image": "/assets/img/icon-img/support-3.png",
    "title": "Money Return",
    "subtitle": "Lorem ipsum dolor sit amet consectetu adipisicing elit sed"
  }
]
