[
  {
    "id": "1",
    "title": "Our Vision",
    "text": "Baby Product House provide how all this mistaken idea of denounc pleasure and sing pain was born an will give you a ete account of the system, and expound the actual teangs the eat explorer of the truth."
  },
  {
    "id": "2",
    "title": "Our Mission",
    "text": "Baby Product House provide how all this mistaken idea of denounc pleasure and sing pain was born an will give you a ete account of the system, and expound the actual teangs the eat explorer of the truth."
  },
  {
    "id": "3",
    "title": "Our Goal",
    "text": "Baby Product House provide how all this mistaken idea of denounc pleasure and sing pain was born an will give you a ete account of the system, and expound the actual teangs the eat explorer of the truth."
  }
]
