[
  {
    "id": 1,
    "title": "Stylish",
    "subtitle": "Male Clothes",
    "text": "30% off Summer Vacation",
    "image": "/assets/img/slider/single-slide-2.png",
    "url": "/shop-grid-standard",
    "shapeImage": "/assets/img/icon-img/slider-shape.png",
    "shapeTitle": "Sale",
    "shapeSubtitle": "$99.00"
  },
  {
    "id": 2,
    "title": "Stylish",
    "subtitle": "Female Clothes",
    "text": "20% off Summer Vacation",
    "image": "/assets/img/slider/single-slide-7.png",
    "url": "/shop-grid-standard",
    "shapeImage": "/assets/img/icon-img/slider-shape.png",
    "shapeTitle": "Sale",
    "shapeSubtitle": "$20.00"
  }
]
